{
  "East": 5.760738636363636,
  "North": 5.942242990654206,
  "North-East": 6.534807692307692,
  "North-West": 5.674186046511628,
  "South": 4.166666666666667,
  "South-East": 3.6167567567567565,
  "South-West": 5.689166666666666,
  "Unknown": 3.0649494949494946,
  "West": 5.69
}