{
  "dlf phase 1": 13.852093023255813,
  "dlf phase 2": 9.30972972972973,
  "dlf phase 3": 4.169444444444444,
  "dlf phase 4": 9.569166666666666,
  "dlf phase 5": 5.75,
  "golf course road": 1.6,
  "greenwood city": 11.77,
  "iffco chowk": 0.38,
  "nirvana country": 9.344666666666665,
  "other": 1.384,
  "palam vihar": 3.7219444444444445,
  "rare": 1.9457915057915056,
  "sector 1": 5.925,
  "sector 10": 3.1833333333333336,
  "sector 103": 3.25,
  "sector 104": 1.95,
  "sector 105": 1.4784615384615387,
  "sector 106": 5.6,
  "sector 108": 1.52,
  "sector 109": 7.172702702702702,
  "sector 11": 1.7314285714285713,
  "sector 110": 0.34,
  "sector 111": 9.0,
  "sector 112": 8.316666666666666,
  "sector 12": 2.5357142857142856,
  "sector 13": 1.4000000000000001,
  "sector 14": 5.3476923076923075,
  "sector 15": 5.6875,
  "sector 17": 4.954545454545454,
  "sector 21": 5.7,
  "sector 22": 4.725,
  "sector 23": 4.191666666666666,
  "sector 26": 5.485714285714286,
  "sector 27": 6.125,
  "sector 28": 6.445,
  "sector 3": 0.930625,
  "sector 31": 4.96,
  "sector 33": 8.922727272727274,
  "sector 36": 0.7533333333333333,
  "sector 37": 1.47,
  "sector 38": 3.8636363636363638,
  "sector 39": 4.655714285714287,
  "sector 4": 3.4499999999999997,
  "sector 40": 6.392857142857143,
  "sector 41": 1.65,
  "sector 42": 6.5,
  "sector 45": 4.49,
  "sector 46": 4.235384615384616,
  "sector 47": 4.8999999999999995,
  "sector 48": 8.249642857142858,
  "sector 49": 2.908333333333333,
  "sector 5": 2.7685714285714282,
  "sector 50": 9.232857142857142,
  "sector 51": 2.25,
  "sector 52": 3.875,
  "sector 54": 11.728571428571428,
  "sector 55": 5.248333333333333,
  "sector 56": 6.2869230769230775,
  "sector 57": 5.414285714285714,
  "sector 6": 0.75,
  "sector 60": 18.02,
  "sector 61": 2.01,
  "sector 63": 5.9750000000000005,
  "sector 65": 12.5,
  "sector 66": 12.662307692307694,
  "sector 67": 3.8362499999999997,
  "sector 69": 1.875,
  "sector 7": 2.1425,
  "sector 70": 3.7114285714285713,
  "sector 72": 5.8225,
  "sector 73": 17.0,
  "sector 76": 1.25,
  "sector 8": 0.5599999999999999,
  "sector 81": 1.9966666666666668,
  "sector 82": 4.959090909090909,
  "sector 83": 1.7,
  "sector 86": 1.9725000000000001,
  "sector 89": 0.975,
  "sector 9": 1.7027272727272729,
  "sector 91": 3.05,
  "sector 92": 1.5375,
  "sector 93": 1.3,
  "sohna road": 1.8744444444444446,
  "sushant lok": 2.75,
  "sushant lok phase 1": 6.874146341463414,
  "sushant lok phase 2": 3.996,
  "sushant lok phase 3": 4.972142857142857
}